<!--
  #%L
  ImageJ software for multidimensional image processing and analysis.
  %%
  Copyright (C) 2009 - 2015 Board of Regents of the University of
  Wisconsin-Madison, Broad Institute of MIT and Harvard, and Max Planck
  Institute of Molecular Cell Biology and Genetics.
  %%
  Redistribution and use in source and binary forms, with or without
  modification, are permitted provided that the following conditions are met:
  
  1. Redistributions of source code must retain the above copyright notice,
     this list of conditions and the following disclaimer.
  2. Redistributions in binary form must reproduce the above copyright notice,
     this list of conditions and the following disclaimer in the documentation
     and/or other materials provided with the distribution.
  
  THIS SOFTWARE IS PROVIDED BY THE COPYRIGHT HOLDERS AND CONTRIBUTORS "AS IS"
  AND ANY EXPRESS OR IMPLIED WARRANTIES, INCLUDING, BUT NOT LIMITED TO, THE
  IMPLIED WARRANTIES OF MERCHANTABILITY AND FITNESS FOR A PARTICULAR PURPOSE
  ARE DISCLAIMED. IN NO EVENT SHALL THE COPYRIGHT HOLDERS OR CONTRIBUTORS BE
  LIABLE FOR ANY DIRECT, INDIRECT, INCIDENTAL, SPECIAL, EXEMPLARY, OR
  CONSEQUENTIAL DAMAGES (INCLUDING, BUT NOT LIMITED TO, PROCUREMENT OF
  SUBSTITUTE GOODS OR SERVICES; LOSS OF USE, DATA, OR PROFITS; OR BUSINESS
  INTERRUPTION) HOWEVER CAUSED AND ON ANY THEORY OF LIABILITY, WHETHER IN
  CONTRACT, STRICT LIABILITY, OR TORT (INCLUDING NEGLIGENCE OR OTHERWISE)
  ARISING IN ANY WAY OUT OF THE USE OF THIS SOFTWARE, EVEN IF ADVISED OF THE
  POSSIBILITY OF SUCH DAMAGE.
  #L%
  -->
<component>
	<fileSets>

		<!-- Include main application skeleton. -->
		<fileSet>
			<directory>${project.basedir}/src/main/assembly/application</directory>
			<outputDirectory>/</outputDirectory>
		</fileSet>

		<!-- Include documents and about images in toplevel directory. -->
		<fileSet>
			<directory>${basedir}</directory>
			<outputDirectory>/</outputDirectory>
			<includes>
				<include>LICENSE*</include>
				<include>NOTICE*</include>
				<include>README*</include>
				<include>WELCOME*</include>
				<include>about/*</include>
				<include>luts/*</include>
			</includes>
		</fileSet>

	</fileSets>

	<!-- Include all dependent libraries in jars subdirectory. -->
	<dependencySets>
		<dependencySet>
			<outputDirectory>/jars</outputDirectory>
			<outputFileNameMapping>${artifact.artifactId}-${artifact.baseVersion}${dashClassifier?}.${artifact.extension}</outputFileNameMapping>
			<unpack>false</unpack>
			<scope>runtime</scope>
		</dependencySet>
	</dependencySets>

	<files>

		<!-- Include the ImageJ2 icon in the Mac OS X application bundle. -->
		<file>
			<source>${basedir}/logo/ImageJ.icns</source>
			<outputDirectory>/Contents/Resources/</outputDirectory>
		</file>

		<!-- Use the ImageJ2 logo for the splash screen. -->
		<file>
			<source>${basedir}/logo/imagej.png</source>
			<outputDirectory>/images/</outputDirectory>
			<destName>icon.png</destName>
		</file>
		<file>
			<source>${basedir}/logo/imagej.png</source>
			<outputDirectory>/images/</outputDirectory>
			<destName>icon-flat.png</destName>
		</file>

		<!-- Include the ImageJ launcher executables in appropriate locations. -->
		<file>
			<source>target/imagej-launcher-${imagej-launcher.version}.jar</source>
			<outputDirectory>jars/</outputDirectory>
			<destName>imagej-launcher-${imagej-launcher.version}.jar</destName>
		</file>
		<file>
			<source>target/bin/i386-Linux-gcc/imagej-launcher</source>
			<destName>ImageJ-linux32</destName>
			<fileMode>0755</fileMode>
		</file>
		<file>
			<source>target/bin/amd64-Linux-gcc/imagej-launcher</source>
			<destName>ImageJ-linux64</destName>
			<fileMode>0755</fileMode>
		</file>
		<file>
			<source>target/bin/x86_64-MacOSX-gcc/imagej-launcher</source>
			<outputDirectory>/Contents/MacOS/</outputDirectory>
			<destName>ImageJ-macosx</destName>
			<fileMode>0755</fileMode>
		</file>
		<file>
			<source>target/bin/x86-Windows-gcc/imagej-launcher.exe</source>
			<destName>ImageJ-win32.exe</destName>
			<fileMode>0755</fileMode>
		</file>
		<file>
			<source>target/bin/amd64-Windows-gcc/imagej-launcher.exe</source>
			<destName>ImageJ-win64.exe</destName>
			<fileMode>0755</fileMode>
		</file>

	</files>

</component>
